station_number,name,province,lat,lon,drainage_km2,status,real_time,contributor,operator,flow_coverage,level_coverage,regulation,n_remarks
02KA002,OTTAWA RIVER AT DES JOACHIMS,ON,46.18333053588867,-77.6977767944336,57820.0,Discontinued,0,ONTARIO POWER GENERATION,ONTARIO MINISTRY OF THE ENVIRONMENT,"1950-1994 (Power Plant, Continuous)",,- reg=1,1
02KA003,PERCH LAKE OUTLET NEAR CHALK RIVER,ON,46.03556060791016,-77.3708267211914,6.210000038146973,Discontinued,0,WATER SURVEY OF CANADA (DOE) (CANADA),WATER SURVEY OF CANADA (DOE) (CANADA),"1966-1995 (Recorder, Continuous)",,- reg=0,1
02KA004,PERCH LAKE INLET NO. 1 NEAR CHALK RIVER,ON,46.036109924316406,-77.3791732788086,0.9300000071525574,Discontinued,0,id=None,id=None,"1967-1988 (Recorder, Continuous)",,- reg=0,1
02KA005,PERCH LAKE INLET NO. 2 NEAR CHALK RIVER,ON,46.03667068481445,-77.37555694580078,4.050000190734863,Discontinued,0,id=None,id=None,"1967-1984 (Recorder, Continuous); 1985-1985 (Recorder, Seasonal); 1986-1988 (Recorder, Continuous)",,- reg=0,1
02KA006,PERCH LAKE INLET NO. 3 NEAR CHALK RIVER,ON,46.03028106689453,-77.37139129638672,0.8100000023841858,Discontinued,0,id=None,id=None,"1967-1987 (Recorder, Continuous)",,- reg=0,1
02KA007,PERCH LAKE INLET NO. 4 NEAR CHALK RIVER,ON,46.02999877929688,-77.37528228759766,0.239999994635582,Discontinued,0,id=None,id=None,"1967-1987 (Recorder, Continuous)",,- reg=0,1
02KA008,PERCH LAKE INLET NO. 5 NEAR CHALK RIVER,ON,46.03277969360352,-77.37860870361328,0.10999999940395357,Discontinued,0,id=None,id=None,"1972-1987 (Recorder, Continuous)",,- reg=0,1
02KA009,TRIBUTARY TO PERCH LAKE INLET NO. 2 NEAR CHALK RIVER,ON,46.04222106933594,-77.38221740722656,2.569999933242798,Discontinued,0,id=None,id=None,"1982-1988 (Recorder, Continuous)",,,1
02KA010,EAST TRIBUTARY TO PERCH LAKE INLET NO. 2 NEAR CHALK RIVER,ON,46.03889083862305,-77.37528228759766,3.950000047683716,Discontinued,0,id=None,id=None,"1982-1988 (Recorder, Continuous)",,,1
02KA011,DUMOINE (RIVIERE) EN AMONT DE LA RIVIERE DES OUTAOUAIS,QC,46.23139190673828,-77.23139190673828,4347.0,Discontinued,0,MINISTERE DE L'ENVIRONNEMENT DU QUEBEC,MINISTERE DE L'ENVIRONNEMENT DU QUEBEC,"1905-1949 (Manual, Continuous)",,- reg=1,0
02KA012,MAGANASIPI (RIVIERE) EN AMONT DE LA RIVIERE DES OUTAOUAIS,QC,46.28556060791016,-78.3125,632.4000244140625,Discontinued,0,MINISTERE DE L'ENVIRONNEMENT DU QUEBEC,MINISTERE DE L'ENVIRONNEMENT DU QUEBEC,"1929-1931 (Manual, Continuous)",,- reg=1,0
02KA013,MAGANASIPI (RIVIERE) AU LAC JOHNSON,QC,46.331668853759766,-78.34832763671875,584.0999755859375,Discontinued,0,WATER SURVEY OF CANADA (DOE) (CANADA),MINISTERE DE L'ENVIRONNEMENT DU QUEBEC,"1970-2003 (Recorder, Continuous)",,- reg=1,0
02KA014,MAGANASIPI (RIVIERE) EN AMONT DE LA RIVIERE DES OUTAOUAIS,QC,46.300559997558594,-78.31694030761719,628.9000244140625,Discontinued,0,MINISTERE DE L'ENVIRONNEMENT DU QUEBEC,MINISTERE DE L'ENVIRONNEMENT DU QUEBEC,"1966-1970 (Recorder, Continuous)",,- reg=1,0
02KA015,AUMOND CREEK NEAR MATTAWA,ON,46.27613830566406,-78.47875213623047,149.89999389648438,Active,1,ONTARIO MINISTRY OF NATURAL RESOURCES,WATER SURVEY OF CANADA (DOE) (CANADA),"2009-2026 (Recorder, Continuous)","2008-2008 (Recorder, Continuous); 2009-2026 (Recorder, Continuous)",2008- reg=0,7
02KB001,PETAWAWA RIVER NEAR PETAWAWA,ON,45.88658142089844,-77.31288146972656,4127.0,Active,1,ONTARIO MINISTRY OF NATURAL RESOURCES,WATER SURVEY OF CANADA (DOE) (CANADA),"1905-1905 (Manual, Miscellaneous); 1908-1911 (Manual, Miscellaneous); 1913-1914 (Manual, Miscellaneous); 1915-1965 (Manual, Continuous); 1966-2001 (Recorder, Continuous); 2002-2026 (Recorder, Continuous)","2002-2026 (Recorder, Continuous)",1900- reg=1,2
02KC001,BONNECHERE RIVER NEAR EGANVILLE,ON,45.52777862548828,-77.08055877685547,1732.0,Discontinued,0,ONTARIO POWER GENERATION,ONTARIO POWER GENERATION,"1915-1915 (Manual, Seasonal)",,- reg=1,0
02KC002,BONNECHERE RIVER AT GOLDEN LAKE,ON,45.57416915893555,-77.23332977294922,1533.0,Discontinued,0,ONTARIO POWER GENERATION,ONTARIO POWER GENERATION,"1913-1913 (Manual, Miscellaneous); 1915-1916 (Manual, Continuous)","1945-1945 (Manual, Seasonal); 1946-1956 (Manual, Continuous)",- reg=1,0
02KC003,BONNECHERE RIVER AT RENFREW,ON,45.48194122314453,-76.6875,2281.0,Discontinued,0,ONTARIO POWER GENERATION,ONTARIO POWER GENERATION,"1905-1905 (Manual, Miscellaneous); 1908-1910 (Manual, Miscellaneous); 1913-1914 (Manual, Miscellaneous); 1916-1921 (Manual, Continuous)",,- reg=1,0
02KC005,OTTAWA RIVER NEAR WESTMEATH,ON,45.89500045776367,-76.91166687011719,68320.0,Discontinued,0,ONTARIO POWER GENERATION,WATER SURVEY OF CANADA (DOE) (CANADA),,"1935-1956 (Manual, Continuous); 1957-1959 (Manual, Seasonal); 1960-1974 (Manual, Continuous); 1975-1995 (Recorder, Continuous)",- reg=1,0
02KC009,BONNECHERE RIVER NEAR CASTLEFORD,ON,45.4964714050293,-76.56461334228516,2375.0,Active,1,OTTAWA RIVER REGULATION BOARD SECRETARIAT,WATER SURVEY OF CANADA (DOE) (CANADA),"1921-1931 (Manual, Continuous); 1932-1951 (Recorder, Continuous); 1952-1958 (Manual, Continuous); 1959-1961 (Manual, Seasonal); 1962-2001 (Recorder, Continuous); 2002-2026 (Recorder, Continuous)","2002-2026 (Recorder, Continuous)",1900- reg=1,7
02KC010,BONNECHERE RIVER AT ROUND LAKE,ON,45.619998931884766,-77.46333312988281,1051.0,Discontinued,0,ONTARIO POWER GENERATION,ONTARIO POWER GENERATION,"1913-1913 (Manual, Miscellaneous)","1946-1956 (Manual, Continuous)",- reg=1,0
02KC011,OUTAOUAIS (RIVIERE DES) PRES DE PORTAGE-DU-FORT,QC,45.61027908325195,-76.67082977294922,74570.0,Discontinued,0,MINISTERE DE L'ENVIRONNEMENT DU QUEBEC,MINISTERE DE L'ENVIRONNEMENT DU QUEBEC,"1942-1948 (Manual, Continuous)",,- reg=1,0
02KC012,OTTAWA RIVER AT ARNPRIOR,ON,45.44443893432617,-76.352783203125,77470.0,Discontinued,0,ONTARIO POWER GENERATION,ONTARIO POWER GENERATION,,"1906-1906 (Manual, Seasonal); 1914-1954 (Manual, Continuous); 1955-1988 (Recorder, Continuous)",- reg=1,1
02KC013,OTTAWA RIVER AT PEMBROKE,ON,45.82917022705078,-77.11721801757812,65070.0,Discontinued,0,ONTARIO POWER GENERATION,ONTARIO MINISTRY OF THE ENVIRONMENT,,"1905-1906 (Manual, Continuous); 1912-1954 (Manual, Continuous); 1955-1967 (Recorder, Continuous); 1969-1994 (Recorder, Continuous)",- reg=1,1
02KC014,INDIAN RIVER NEAR PEMBROKE,ON,45.7852783203125,-77.1383285522461,442.1000061035156,Discontinued,0,id=None,id=None,"1969-1969 (Manual, Continuous); 1970-1985 (Recorder, Continuous)",,- reg=0,2
02KC015,MUSKRAT RIVER NEAR PEMBROKE,ON,45.797889709472656,-77.10797119140625,676.0999755859375,Active,1,ONTARIO MINISTRY OF NATURAL RESOURCES,WATER SURVEY OF CANADA (DOE) (CANADA),"1969-1969 (Manual, Continuous); 1970-1978 (Recorder, Continuous); 2008-2026 (Recorder, Continuous)","2008-2026 (Recorder, Continuous)",1900- reg=0,5
02KC016,OTTAWA RIVER AT SANDPOINT,ON,45.48749923706055,-76.43472290039062,77350.0,Discontinued,0,ONTARIO POWER GENERATION,ONTARIO MINISTRY OF THE ENVIRONMENT,,"1988-1994 (Recorder, Continuous)",- reg=1,1
02KC017,OUTAOUAIS (RIVIERE DES) CENTRALE DE BRYSON,QC,45.661109924316406,-76.63056182861328,74170.0,Discontinued,0,QUEBEC HYDRO-ELECTRIC COMMISSION,QUEBEC HYDRO-ELECTRIC COMMISSION,"1925-1994 (Power Plant, Continuous)",,- reg=1,0
02KC018,INDIAN RIVER AT PEMBROKE,ON,45.81827926635742,-77.12510681152344,464.5,Active,1,ONTARIO MINISTRY OF NATURAL RESOURCES,WATER SURVEY OF CANADA (DOE) (CANADA),"2007-2026 (Recorder, Continuous)","2007-2026 (Recorder, Continuous)",1900- reg=0,6
02KD001,MADAWASKA RIVER AT MADAWASKA,ON,45.51388931274414,-77.9847183227539,1400.0,Discontinued,0,id=None,id=None,"1915-1916 (Manual, Continuous); 1917-1918 (Manual, Seasonal); 1919-1942 (Manual, Continuous)",,- reg=1,0
02KD002,YORK RIVER NEAR BANCROFT,ON,45.05213928222656,-77.84603118896484,843.5,Active,1,ONTARIO MINISTRY OF NATURAL RESOURCES,WATER SURVEY OF CANADA (DOE) (CANADA),"1915-1966 (Manual, Continuous); 1967-1993 (Recorder, Continuous); 2006-2026 (Recorder, Continuous)","2006-2026 (Recorder, Continuous)",1900- reg=0,5
02KD004,MADAWASKA RIVER AT PALMER RAPIDS,ON,45.32807922363281,-77.5155029296875,5804.0,Active,1,WATER SURVEY OF CANADA (DOE) (CANADA),WATER SURVEY OF CANADA (DOE) (CANADA),"1930-1972 (Manual, Continuous); 1973-2001 (Recorder, Continuous); 2002-2026 (Recorder, Continuous)","2002-2026 (Recorder, Continuous)",1900- reg=1,3
02KD006,MADAWASKA RIVER AT WHITNEY,ON,45.49666976928711,-78.23332977294922,1037.0,Discontinued,0,id=None,id=None,"1942-1957 (Manual, Continuous)",,- reg=1,0
02KD007,MADAWASKA RIVER AT BARK LAKE DAM,ON,45.41638946533203,-77.7880630493164,2688.0,Discontinued,0,ONTARIO POWER GENERATION,ONTARIO POWER GENERATION,"1942-1996 (Manual, Continuous)",,- reg=1,1
02KD008,BAPTISTE LAKE AT BAPTISTE LAKE DAM,ON,45.11888885498047,-77.91667175292969,706.5999755859375,Discontinued,0,ONTARIO POWER GENERATION,ONTARIO POWER GENERATION,,"1941-1942 (Manual, Seasonal); 1943-1958 (Manual, Continuous); 1959-1959 (Manual, Seasonal); 1960-1971 (Manual, Continuous); 1972-1972 (Manual, Seasonal); 1973-1977 (Manual, Continuous)",1941- reg=1,0
02KD009,WESLEMKOON LAKE AT WESLEMKOON,ON,44.98389053344727,-77.41722106933594,290.29998779296875,Discontinued,0,ONTARIO POWER GENERATION,ONTARIO POWER GENERATION,,"1975-1976 (Manual, Continuous)",1942- reg=1,1
02KE002,MADAWASKA RIVER NEAR ARNPRIOR,ON,45.40639114379883,-76.44444274902344,8218.0,Discontinued,0,id=None,id=None,"1921-1921 (Manual, Miscellaneous); 1922-1922 (Manual, Seasonal); 1924-1931 (Manual, Continuous); 1932-1950 (Recorder, Continuous)",,- reg=1,0
02KE003,MADAWASKA RIVER AT CALABOGIE,ON,45.30416870117188,-76.70832824707031,7947.0,Discontinued,0,ONTARIO POWER GENERATION,ONTARIO POWER GENERATION,"1913-1913 (Manual, Miscellaneous); 1937-1939 (Power Plant, Continuous); 1940-1940 (Power Plant, Seasonal); 1941-1951 (Power Plant, Continuous); 1952-1953 (Power Plant, Seasonal)",,- reg=1,0
02KE004,MADAWASKA RIVER AT CLAY BANK,ON,45.40555953979492,-76.39360809326172,8233.0,Discontinued,0,ONTARIO POWER GENERATION,ONTARIO POWER GENERATION,"1898-1898 (Manual, Miscellaneous); 1905-1905 (Manual, Miscellaneous); 1908-1911 (Manual, Miscellaneous); 1915-1915 (Manual, Miscellaneous); 1916-1917 (Manual, Seasonal)",,- reg=1,0
02KE005,MADAWASKA RIVER AT STEWARTVILLE,ON,45.40694046020508,-76.50778198242188,8158.0,Discontinued,0,ONTARIO POWER GENERATION,ONTARIO MINISTRY OF THE ENVIRONMENT,"1949-1994 (Power Plant, Continuous)",,- reg=1,1
02KF001,MISSISSIPPI RIVER AT FERGUSONS FALLS,ON,45.05327987670898,-76.28607940673828,2663.0,Active,1,ONTARIO MINISTRY OF NATURAL RESOURCES,WATER SURVEY OF CANADA (DOE) (CANADA),"1915-1919 (Manual, Continuous); 1982-2001 (Recorder, Continuous); 2002-2026 (Recorder, Continuous)","2002-2026 (Recorder, Continuous)",1900- reg=1,1
02KF002,MISSISSIPPI RIVER AT GALETTA,ON,45.41667175292969,-76.25,3729.0,Discontinued,0,ONTARIO POWER GENERATION,ONTARIO POWER GENERATION,"1905-1906 (Manual, Miscellaneous); 1908-1908 (Manual, Miscellaneous); 1913-1913 (Manual, Miscellaneous); 1915-1919 (Manual, Continuous)",,- reg=1,0
02KF003,MISSISSIPPI RIVER NEAR SNOW ROAD STATION,ON,44.94055938720703,-76.68778228759766,1142.0,Discontinued,0,ONTARIO POWER GENERATION,ONTARIO POWER GENERATION,"1913-1913 (Manual, Miscellaneous); 1915-1919 (Manual, Continuous)",,- reg=1,1
02KF004,OUTAOUAIS (RIVIERE DES) A QUYON,QC,45.51667022705078,-76.23056030273438,90160.0,Discontinued,0,id=None,id=None,"1928-1928 (Recorder, Seasonal)","1915-1916 (Manual, Continuous); 1917-1919 (Manual, Seasonal); 1920-1920 (Manual, Continuous); 1921-1921 (Recorder, Seasonal); 1929-1978 (Recorder, Continuous)",- reg=1,0
02KF005,OTTAWA RIVER AT BRITANNIA,ON,45.35124969482422,-75.82666015625,91260.0,Active,1,WATER SURVEY OF CANADA (DOE) (CANADA),WATER SURVEY OF CANADA (DOE) (CANADA),"1960-2001 (Recorder, Continuous); 2002-2026 (Recorder, Continuous)","1915-1953 (Manual, Continuous); 1954-1959 (Recorder, Continuous); 2002-2026 (Recorder, Continuous)",1900- reg=1,1
02KF006,MISSISSIPPI RIVER AT APPLETON,ON,45.17633056640625,-76.12346649169922,2931.0,Active,1,WATER SURVEY OF CANADA (DOE) (CANADA),WATER SURVEY OF CANADA (DOE) (CANADA),"1918-1939 (Manual, Continuous); 1940-2001 (Recorder, Continuous); 2002-2026 (Recorder, Continuous)","2002-2026 (Recorder, Continuous)",1900- reg=1,10
02KF007,MISSISSIPPI RIVER AT RAGGED CHUTE,ON,44.94055938720703,-76.72666931152344,1060.0,Discontinued,0,id=None,id=None,"1919-1957 (Manual, Continuous)",,- reg=1,0
02KF009,OTTAWA RIVER AT CHATS FALLS,ON,45.47499847412109,-76.23916625976562,89760.0,Discontinued,0,ONTARIO POWER GENERATION,ONTARIO MINISTRY OF THE ENVIRONMENT,"1915-1994 (Power Plant, Continuous)",,- reg=1,1
02KF010,CLYDE RIVER NEAR LANARK,ON,45.04582977294922,-76.40088653564453,617.0999755859375,Active,1,ONTARIO MINISTRY OF NATURAL RESOURCES,WATER SURVEY OF CANADA (DOE) (CANADA),"1970-1983 (Recorder, Continuous); 1984-1984 (Recorder, Seasonal); 1985-2001 (Recorder, Continuous); 2002-2026 (Recorder, Continuous)","2002-2026 (Recorder, Continuous)",1900- reg=1,6
02KF011,CARP RIVER NEAR KINBURN,ON,45.417579650878906,-76.19866943359375,261.6000061035156,Active,1,ONTARIO MINISTRY OF NATURAL RESOURCES,WATER SURVEY OF CANADA (DOE) (CANADA),"1971-2001 (Recorder, Continuous); 2002-2026 (Recorder, Continuous)","2002-2026 (Recorder, Continuous)",- reg=0,6
02KF012,INDIAN RIVER NEAR BLAKENEY,ON,45.24544143676758,-76.26033020019531,212.0,Active,1,ONTARIO MINISTRY OF NATURAL RESOURCES,WATER SURVEY OF CANADA (DOE) (CANADA),"1971-1997 (Recorder, Continuous); 1998-1998 (Recorder, Continuous); 2002-2026 (Recorder, Continuous)","1998-1998 (Recorder, Continuous); 1999-2001 (Recorder, Continuous); 2002-2026 (Recorder, Continuous)",1900- reg=1,2
02KF013,CLYDE RIVER AT GORDON RAPIDS,ON,45.13399887084961,-76.62993621826172,291.20001220703125,Active,1,ONTARIO MINISTRY OF NATURAL RESOURCES,WATER SURVEY OF CANADA (DOE) (CANADA),"1971-2002 (Recorder, Continuous); 2003-2026 (Recorder, Continuous)","2003-2026 (Recorder, Continuous)",1900- reg=1,0
02KF014,FALL RIVER NEAR FALLBROOK,ON,44.95027923583984,-76.40306091308594,280.29998779296875,Discontinued,0,ONTARIO MINISTRY OF NATURAL RESOURCES,WATER SURVEY OF CANADA (DOE) (CANADA),"1974-1992 (Recorder, Continuous)",,- reg=1,0
02KF015,GRAHAM CREEK AT NEPEAN,ON,45.34357833862305,-75.8080825805664,22.09000015258789,Active,1,ONTARIO MINISTRY OF NATURAL RESOURCES,WATER SURVEY OF CANADA (DOE) (CANADA),"1987-1996 (Recorder, Continuous); 2006-2026 (Recorder, Continuous)","2006-2026 (Recorder, Continuous)",- reg=0,3
02KF016,MISSISSIPPI RIVER BELOW MARBLE LAKE,ON,44.843170166015625,-77.12006378173828,358.6000061035156,Active,1,ONTARIO MINISTRY OF NATURAL RESOURCES,WATER SURVEY OF CANADA (DOE) (CANADA),"1988-2001 (Recorder, Continuous); 2002-2026 (Recorder, Continuous)","2002-2026 (Recorder, Continuous)",- reg=0,1
02KF017,BUCKSHOT CREEK NEAR PLEVNA,ON,44.96844100952149,-76.9663314819336,151.5,Active,1,ONTARIO MINISTRY OF NATURAL RESOURCES,WATER SURVEY OF CANADA (DOE) (CANADA),"1993-2001 (Recorder, Seasonal); 2002-2004 (Recorder, Seasonal); 2005-2026 (Recorder, Continuous)","2002-2004 (Recorder, Seasonal); 2005-2026 (Recorder, Continuous)",- reg=0,4
02KF018,FALL RIVER AT OUTLET OF BENNETT LAKE,ON,44.94781112670898,-76.41082763671875,279.79998779296875,Active,1,ONTARIO MINISTRY OF NATURAL RESOURCES,WATER SURVEY OF CANADA (DOE) (CANADA),"2003-2026 (Recorder, Continuous)","2003-2026 (Recorder, Continuous)",1900- reg=1,13
02KF019,MISSISSIPPI RIVER AT OUTLET OF DALHOUSIE LAKE,ON,44.97193908691406,-76.53874969482422,1314.0,Active,1,ONTARIO MINISTRY OF NATURAL RESOURCES,WATER SURVEY OF CANADA (DOE) (CANADA),"2003-2026 (Recorder, Continuous)","2003-2026 (Recorder, Continuous)",1900- reg=1,4
02KF020,SHARBOT LAKE AT OUTLET OF SHARBOT LAKE,ON,44.77486038208008,-76.64102935791016,139.39999389648438,Active,1,ONTARIO MINISTRY OF NATURAL RESOURCES,WATER SURVEY OF CANADA (DOE) (CANADA),,"2003-2026 (Recorder, Continuous)",- reg=0,2
02KG001,COULONGE (RIVIERE) PRES DE FORT-COULONGE,QC,45.8738899230957,-76.68582916259766,5170.0,Discontinued,0,WATER SURVEY OF CANADA (DOE) (CANADA),MINISTERE DE L'ENVIRONNEMENT DU QUEBEC,"1905-1965 (Manual, Continuous); 1966-1996 (Recorder, Continuous)",,- reg=1,0
02KG003,COULONGE (RIVIERE) EN AMONT DE LA RIVIERE COULONGE EST,QC,46.15499877929688,-76.75778198242188,3674.0,Discontinued,0,MINISTERE DE L'ENVIRONNEMENT DU QUEBEC,MINISTERE DE L'ENVIRONNEMENT DU QUEBEC,"1966-1972 (Recorder, Continuous)",,- reg=1,0
02KG005,COULONGE (RIVIERE) AU PONT TERRY-FOX QUI MENE AU CLUB DE GOLF DE PONTEFRACT,QC,45.90810012817383,-76.67279815673828,5149.0,Discontinued,0,WATER SURVEY OF CANADA (DOE) (CANADA),MINISTERE DE L'ENVIRONNEMENT DU QUEBEC,"2004-2008 (Recorder, Continuous)",,2014- reg=1,0
02KH001,NOIRE (RIVIERE),QC,45.97861099243164,-76.83055877685547,2560.0,Discontinued,0,MINISTERE DE L'ENVIRONNEMENT DU QUEBEC,MINISTERE DE L'ENVIRONNEMENT DU QUEBEC,"1927-1950 (Manual, Continuous)",,- reg=1,0
02KH002,NOIRE (RIVIERE) A WALTHAM-STATION,QC,45.91889190673828,-76.91999816894531,2644.0,Discontinued,0,PEMBROKE ELECTRIC LIGHT COMPANY,PEMBROKE ELECTRIC LIGHT COMPANY,"1955-1986 (Power Plant, Continuous)",,- reg=1,0
02KH003,NOIRE (RIVIERE),QC,46.033329010009766,-76.86582946777344,2532.0,Discontinued,0,MINISTERE DE L'ENVIRONNEMENT DU QUEBEC,MINISTERE DE L'ENVIRONNEMENT DU QUEBEC,"1951-1957 (Manual, Continuous)",,- reg=1,0
02KH004,NOIRE (RIVIERE),QC,46.28361129760742,-77.0777816772461,1799.0,Discontinued,0,MINISTERE DE L'ENVIRONNEMENT DU QUEBEC,MINISTERE DE L'ENVIRONNEMENT DU QUEBEC,"1961-1962 (Recorder, Continuous); 1963-1965 (Recorder, Seasonal); 1966-1972 (Recorder, Continuous)",,- reg=1,0
02KJ003,DUMOINE (RIVIERE) AU LAC DUMOINE,QC,46.82221984863281,-77.86833190917969,2107.0,Discontinued,0,WATER SURVEY OF CANADA (DOE) (CANADA),MINISTERE DE L'ENVIRONNEMENT DU QUEBEC,"1967-1997 (Recorder, Continuous)",,- reg=0,0
02KJ004,DUMOINE (RIVIERE) A LA SORTIE DU LAC ROBINSON,QC,46.345829010009766,-77.81555938720703,3738.0,Active,1,WATER SURVEY OF CANADA (DOE) (CANADA),MINISTERE DE L'ENVIRONNEMENT DU QUEBEC,"1965-2026 (Recorder, Continuous)",,- reg=1,1
02KJ007,KIPAWA (RIVIERE) AU LAC DUMOINE,QC,46.97027969360352,-78.0425033569336,2110.0,Discontinued,0,WATER SURVEY OF CANADA (DOE) (CANADA),MINISTERE DE L'ENVIRONNEMENT DU QUEBEC,"1967-1997 (Recorder, Continuous)",,- reg=0,0
02LA001,TAY RIVER NEAR GLEN TAY,ON,44.8769416809082,-76.3022232055664,540.2000122070312,Discontinued,0,ONTARIO POWER GENERATION,ONTARIO POWER GENERATION,"1915-1918 (Manual, Continuous); 1919-1920 (Manual, Seasonal); 1921-1926 (Manual, Continuous)",,- reg=1,0
02LA003,OTTAWA RIVER AT RIDEAU LOCKS,ON,45.4263916015625,-75.69833374023438,91360.0,Discontinued,0,TRANSPORT CANADA,TRANSPORT CANADA,,"1850-1899 (Manual, Continuous); 1900-1977 (Manual, Continuous)",- reg=1,1
02LA004,RIDEAU RIVER AT OTTAWA,ON,45.38150024414063,-75.69696807861328,3815.0,Active,1,WATER SURVEY OF CANADA (DOE) (CANADA),WATER SURVEY OF CANADA (DOE) (CANADA),"1901-1901 (Manual, Miscellaneous); 1905-1905 (Manual, Miscellaneous); 1908-1908 (Manual, Miscellaneous); 1911-1915 (Manual, Miscellaneous); 1933-1948 (Manual, Seasonal); 1949-1970 (Manual, Continuous); 1971-2001 (Recorder, Continuous); 2002-2026 (Recorder, Continuous)","2002-2026 (Recorder, Continuous)",1900- reg=1,3
02LA005,RIDEAU RIVER ABOVE SMITHS FALLS,ON,44.89056015014648,-76.0625,1254.0,Discontinued,0,WATER SURVEY OF CANADA (DOE) (CANADA),WATER SURVEY OF CANADA (DOE) (CANADA),"1970-1970 (Recorder, Seasonal); 1971-1977 (Recorder, Continuous); 1978-2000 (Recorder, Seasonal)",,- reg=1,1
02LA006,KEMPTVILLE CREEK NEAR KEMPTVILLE,ON,44.9942512512207,-75.66227722167969,414.7999877929688,Active,1,ONTARIO MINISTRY OF NATURAL RESOURCES,WATER SURVEY OF CANADA (DOE) (CANADA),"1969-2001 (Recorder, Continuous); 2002-2026 (Recorder, Continuous)","2002-2026 (Recorder, Continuous)",1951- reg=1,4
02LA007,JOCK RIVER NEAR RICHMOND,ON,45.249420166015625,-75.79061126708984,526.4000244140625,Active,1,ONTARIO MINISTRY OF NATURAL RESOURCES,WATER SURVEY OF CANADA (DOE) (CANADA),"1969-2001 (Recorder, Continuous); 2002-2026 (Recorder, Continuous)","2002-2026 (Recorder, Continuous)",- reg=0,4
02LA008,BLACK RAPIDS CREEK TRIBUTARY AT OTTAWA,ON,45.30332946777344,-75.73999786376953,7.369999885559082,Discontinued,0,id=None,id=None,"1972-1975 (Recorder, Seasonal); 1976-1979 (Recorder, Continuous)",,- reg=0,0
02LA009,RIDEAU RIVER AT POONAMALIE LOCKS,ON,44.89278030395508,-76.05610656738281,1390.0,Discontinued,0,id=None,id=None,,"1972-1977 (Recorder, Continuous)",- reg=1,0
02LA010,RIDEAU RIVER NEAR BECKETTS LANDING,ON,45.04639053344727,-75.68888854980469,2253.0,Discontinued,0,id=None,id=None,,"1978-1998 (Manual, Seasonal)",- reg=1,0
02LA011,RIDEAU RIVER BELOW MERRICKVILLE,ON,44.949951171875,-75.81912231445312,1976.0,Active,1,FEDERAL - OTHER FEDERAL,WATER SURVEY OF CANADA (DOE) (CANADA),"1979-2000 (Recorder, Seasonal); 2022-2026 (Recorder, Continuous)","2021-2021 (Recorder, Continuous); 2022-2026 (Recorder, Continuous)",- reg=1,4
02LA012,RIDEAU RIVER BELOW MANOTICK,ON,45.24898910522461,-75.70413208007812,3144.0,Active,1,FEDERAL - OTHER FEDERAL,WATER SURVEY OF CANADA (DOE) (CANADA),"1980-1990 (Recorder, Continuous); 1991-2000 (Recorder, Seasonal)","2021-2026 (Recorder, Continuous)",- reg=1,2
02LA013,SAWMILL CREEK AT OTTAWA,ON,45.38777923583984,-75.6744384765625,20.84000015258789,Discontinued,0,id=None,id=None,"1981-1983 (Recorder, Continuous)",,- reg=0,0
02LA014,RIDEAU RIVER AT RIDEAU FERRY,ON,44.848331451416016,-76.14111328125,406.7000122070313,Discontinued,0,WATER SURVEY OF CANADA (DOE) (CANADA),WATER SURVEY OF CANADA (DOE) (CANADA),,"1980-2000 (Manual, Seasonal)",- reg=1,1
02LA015,OUTAOUAIS (RIVIERE DES) A HULL,QC,45.431419372558594,-75.70616912841797,91360.0,Active,1,WATER SURVEY OF CANADA (DOE) (CANADA),WATER SURVEY OF CANADA (DOE) (CANADA),,"1964-2026 (Recorder, Continuous)",1900- reg=0,1
02LA016,TAY RIVER AT PORT ELMSLEY,ON,44.89278030395508,-76.12361145019531,798.2000122070312,Discontinued,0,id=None,id=None,"1982-1986 (Recorder, Continuous); 1987-1988 (Recorder, Seasonal)",,- reg=1,1
02LA017,TAY RIVER BELOW BOBS LAKE,ON,44.7599983215332,-76.52139282226562,358.8999938964844,Discontinued,0,WATER SURVEY OF CANADA (DOE) (CANADA),WATER SURVEY OF CANADA (DOE) (CANADA),"1983-1991 (Recorder, Continuous); 1992-2000 (Recorder, Seasonal)",,- reg=1,1
02LA018,RIDEAU RIVER AT MERRICKVILLE,ON,44.917781829833984,-75.83860778808594,1967.0,Discontinued,0,WATER SURVEY OF CANADA (DOE) (CANADA),WATER SURVEY OF CANADA (DOE) (CANADA),,"1988-2000 (Manual, Seasonal)",- reg=1,2
02LA019,OUTAOUAIS (RIVIERE DES) CENTRALE DE HULL 2,QC,45.42082977294922,-75.7249984741211,91340.0,Discontinued,0,QUEBEC HYDRO-ELECTRIC COMMISSION,QUEBEC HYDRO-ELECTRIC COMMISSION,"1920-1994 (Power Plant, Continuous)",,- reg=1,0
02LA024,TAY RIVER IN PERTH,ON,44.89691925048828,-76.25250244140625,676.5999755859375,Active,1,ONTARIO MINISTRY OF NATURAL RESOURCES,WATER SURVEY OF CANADA (DOE) (CANADA),"1994-1995 (Recorder, Continuous); 1996-2001 (Recorder, Seasonal); 2002-2004 (Recorder, Seasonal); 2005-2026 (Recorder, Continuous)","2002-2004 (Recorder, Seasonal); 2005-2026 (Recorder, Continuous)",1900- reg=1,9
02LA026,STEVEN CREEK NEAR NORTH GOWER,ON,45.13835906982422,-75.7034683227539,133.8000030517578,Discontinued,0,ONTARIO MINISTRY OF NATURAL RESOURCES,WATER SURVEY OF CANADA (DOE) (CANADA),,"2007-2015 (Recorder, Continuous)",1900- reg=0,4
02LA027,RIDEAU RIVER ABOVE RIDEAU FALLS,ON,45.439918518066406,-75.69293975830078,3862.0,Active,1,PUBLIC WORKS AND GOVERNMENT SERVICES CANADA,WATER SURVEY OF CANADA (DOE) (CANADA),,"2010-2026 (Recorder, Continuous)",,3
02LA028,OTTAWA RIVER MAIN CHANNEL BELOW CHAUDIERE FALLS,ON,45.42102813720703,-75.71810913085938,91350.0,Discontinued,0,PUBLIC WORKS AND GOVERNMENT SERVICES CANADA,WATER SURVEY OF CANADA (DOE) (CANADA),,"2018-2020 (Recorder, Continuous)",2018- reg=1,3
02LA029,TAY RIVER NEAR BOLINGBROKE,ON,44.770809173583984,-76.50311279296875,363.1000061035156,Active,1,ONTARIO MINISTRY OF NATURAL RESOURCES,WATER SURVEY OF CANADA (DOE) (CANADA),"2024-2026 (Recorder, Continuous)","2021-2023 (Recorder, Continuous); 2024-2026 (Recorder, Continuous)",,1
02LB001,OUTAOUAIS (RIVIERE DES) A GRENVILLE,QC,45.63111114501953,-74.60888671875,142900.0,Discontinued,0,WATER SURVEY OF CANADA (DOE) (CANADA),WATER SURVEY OF CANADA (DOE) (CANADA),,"1933-2000 (Recorder, Continuous)",- reg=1,1
02LB005,SOUTH NATION RIVER NEAR PLANTAGENET SPRINGS,ON,45.51705932617188,-74.97821807861328,3796.0,Active,1,WATER SURVEY OF CANADA (DOE) (CANADA),WATER SURVEY OF CANADA (DOE) (CANADA),"1905-1905 (Manual, Miscellaneous); 1908-1909 (Manual, Miscellaneous); 1911-1912 (Manual, Miscellaneous); 1915-1933 (Manual, Continuous); 1934-1942 (Manual, Seasonal); 1943-1943 (Manual, Miscellaneous); 1944-1948 (Manual, Seasonal); 1949-1962 (Manual, Continuous); 1963-2001 (Recorder, Continuous); 2002-2026 (Recorder, Continuous)","2002-2026 (Recorder, Continuous)",1900-2020 reg=0,9
02LB006,CASTOR RIVER AT RUSSELL,ON,45.26250076293945,-75.34378051757812,439.7999877929688,Active,1,ONTARIO MINISTRY OF NATURAL RESOURCES,WATER SURVEY OF CANADA (DOE) (CANADA),"1948-1951 (Manual, Seasonal); 1952-1952 (Manual, Miscellaneous); 1953-1953 (Manual, Seasonal); 1954-1954 (Manual, Miscellaneous); 1955-1967 (Manual, Seasonal); 1968-2001 (Recorder, Continuous); 2002-2006 (Recorder, Continuous); 2008-2026 (Recorder, Continuous)","2002-2006 (Recorder, Continuous); 2007-2007 (Recorder, Miscellaneous); 2008-2026 (Recorder, Continuous)",- reg=0,5
02LB007,SOUTH NATION RIVER AT SPENCERVILLE,ON,44.84225082397461,-75.54441833496094,218.6000061035156,Active,1,WATER SURVEY OF CANADA (DOE) (CANADA),WATER SURVEY OF CANADA (DOE) (CANADA),"1948-1948 (Manual, Seasonal); 1949-1959 (Manual, Continuous); 1960-2001 (Recorder, Continuous); 2002-2026 (Recorder, Continuous)","2002-2026 (Recorder, Continuous)",- reg=0,8
02LB008,BEAR BROOK NEAR BOURGET,ON,45.42599868774414,-75.1532211303711,446.7999877929688,Active,1,ONTARIO MINISTRY OF NATURAL RESOURCES,WATER SURVEY OF CANADA (DOE) (CANADA),"1949-1951 (Manual, Seasonal); 1952-1952 (Manual, Miscellaneous); 1953-1953 (Manual, Seasonal); 1955-1969 (Manual, Seasonal); 1976-2001 (Recorder, Continuous); 2002-2026 (Recorder, Continuous)","2002-2026 (Recorder, Continuous)",- reg=0,1
02LB009,SOUTH NATION RIVER AT CHESTERVILLE,ON,45.10108184814453,-75.22608184814453,1030.0,Active,1,ONTARIO MINISTRY OF NATURAL RESOURCES,WATER SURVEY OF CANADA (DOE) (CANADA),"1949-1952 (Manual, Miscellaneous); 1955-1971 (Manual, Seasonal); 1972-1974 (Manual, Continuous); 1975-1982 (Manual, Seasonal); 1984-1984 (Manual, Seasonal); 1987-1990 (Recorder, Seasonal); 1993-2001 (Recorder, Seasonal); 2005-2005 (Recorder, Seasonal); 2008-2008 (Recorder, Seasonal)","2002-2004 (Recorder, Seasonal); 2005-2005 (Recorder, Seasonal); 2006-2007 (Recorder, Seasonal); 2008-2008 (Recorder, Seasonal); 2009-2014 (Recorder, Seasonal); 2015-2015 (Recorder, Seasonal); 2016-2018 (Recorder, Seasonal); 2019-2021 (Recorder, Seasonal); 2022-2026 (Recorder, Continuous)",1900- reg=1,4
02LB010,OTTAWA RIVER AT CUMBERLAND,ON,45.52138900756836,-75.4124984741211,129500.0,Discontinued,0,WATER SURVEY OF CANADA (DOE) (CANADA),WATER SURVEY OF CANADA (DOE) (CANADA),,"1918-1971 (Manual, Continuous); 1972-1982 (Recorder, Continuous); 1983-1984 (Recorder, Seasonal); 1985-1996 (Recorder, Continuous)",- reg=1,2
02LB012,EAST BRANCH SCOTCH RIVER NEAR ST. ISIDORE DE PRESCOTT,ON,45.369720458984375,-74.9000015258789,69.69999694824219,Discontinued,0,ONTARIO MINISTRY OF THE ENVIRONMENT,WATER SURVEY OF CANADA (DOE) (CANADA),"1970-1978 (Recorder, Continuous); 1979-1994 (Recorder, Seasonal)",,- reg=0,1
02LB013,SOUTH NATION RIVER AT CASSELMAN,ON,45.317081451416016,-75.09143829345703,2368.0,Active,1,ONTARIO MINISTRY OF NATURAL RESOURCES,WATER SURVEY OF CANADA (DOE) (CANADA),"1974-1974 (Manual, Continuous); 1975-1986 (Recorder, Continuous); 1987-1997 (Recorder, Seasonal); 1999-2001 (Recorder, Seasonal); 2002-2026 (Recorder, Seasonal)","1972-1973 (Manual, Continuous); 1998-1998 (Recorder, Seasonal); 2002-2026 (Recorder, Seasonal)",1900-2020 reg=1,15
02LB014,SOUTH NATION RIVER BELOW CASSELMAN,ON,45.32167053222656,-75.09278106689453,2368.0,Discontinued,0,id=None,id=None,,"1972-1974 (Manual, Continuous); 1993-1994 (Manual, Seasonal)",- reg=1,0
02LB015,SOUTH NATION RIVER AT LEMIEUX,ON,45.39500045776367,-75.06555938720703,2443.0,Discontinued,0,id=None,id=None,,"1972-1976 (Manual, Continuous); 1977-1982 (Manual, Seasonal); 1993-1994 (Manual, Seasonal)",- reg=1,2
02LB016,LITTLE CASTOR RIVER NEAR EMBRUN,ON,45.27138900756836,-75.21833038330078,82.62999725341797,Discontinued,0,id=None,id=None,"1978-1983 (Recorder, Continuous)",,- reg=0,1
02LB017,NORTH BRANCH SOUTH NATION RIVER NEAR HECKSTON,ON,44.99496841430664,-75.51602935791016,74.02999877929688,Active,1,ONTARIO MINISTRY OF NATURAL RESOURCES,WATER SURVEY OF CANADA (DOE) (CANADA),"1977-1996 (Recorder, Continuous); 1997-1997 (Recorder, Continuous); 2003-2005 (Recorder, Continuous)","1997-1997 (Recorder, Continuous); 1998-2002 (Recorder, Continuous); 2003-2005 (Recorder, Continuous); 2006-2006 (Recorder, Continuous); 2007-2026 (Recorder, Continuous)",1900-2020 reg=0,5
02LB018,WEST BRANCH SCOTCH RIVER NEAR ST. ISIDORE DE PRESCOTT,ON,45.37527847290039,-74.94783020019531,107.6999969482422,Active,1,ONTARIO MINISTRY OF NATURAL RESOURCES,WATER SURVEY OF CANADA (DOE) (CANADA),"1979-1983 (Recorder, Continuous); 1984-2001 (Recorder, Seasonal); 2002-2009 (Recorder, Seasonal); 2011-2026 (Recorder, Seasonal)","2002-2009 (Recorder, Seasonal); 2010-2010 (Recorder, Continuous); 2011-2026 (Recorder, Seasonal)",1900-2020 reg=0,11
02LB019,SOUTH INDIAN CREEK NEAR LIMOGES,ON,45.363059997558594,-75.25,75.7300033569336,Discontinued,0,id=None,id=None,"1978-1983 (Recorder, Continuous)",,- reg=0,1
02LB020,SOUTH CASTOR RIVER AT KENMORE,ON,45.228328704833984,-75.4127197265625,185.3000030517578,Active,1,ONTARIO MINISTRY OF NATURAL RESOURCES,WATER SURVEY OF CANADA (DOE) (CANADA),"1978-1997 (Recorder, Continuous); 2003-2026 (Recorder, Continuous)","2003-2026 (Recorder, Continuous)",- reg=0,6
02LB021,EAST CASTOR RIVER NEAR RUSSELL,ON,45.22861099243164,-75.3255615234375,162.39999389648438,Discontinued,0,id=None,id=None,"1979-1983 (Recorder, Continuous)",,- reg=0,1
02LB022,PAYNE RIVER NEAR BERWICK,ON,45.19160842895508,-75.1046371459961,144.10000610351562,Active,1,ONTARIO MINISTRY OF NATURAL RESOURCES,WATER SURVEY OF CANADA (DOE) (CANADA),"1976-1978 (Recorder, Continuous); 1979-1979 (Recorder, Seasonal); 1980-1997 (Recorder, Continuous); 2003-2026 (Recorder, Continuous)","2003-2026 (Recorder, Continuous)",1976-2020 reg=0,9
02LB024,OUTAOUAIS (RIVIERE DES) AU BARRAGE DE CARILLON,QC,45.56999969482422,-74.39277648925781,143200.0,Discontinued,0,QUEBEC HYDRO-ELECTRIC COMMISSION,QUEBEC HYDRO-ELECTRIC COMMISSION,"1962-1994 (Power Plant, Continuous)",,- reg=1,0
02LB025,OUTAOUAIS (RIVIERE DES) A CARILLON (AVAL),QC,45.56806182861328,-74.37972259521484,143200.0,Discontinued,0,WATER SURVEY OF CANADA (DOE) (CANADA),WATER SURVEY OF CANADA (DOE) (CANADA),,"1963-2000 (Recorder, Continuous)",- reg=1,1
02LB026,OUTAOUAIS (RIVIERE DES) A CARILLON (AMONT),QC,45.56943893432617,-74.38333129882812,143200.0,Discontinued,0,WATER SURVEY OF CANADA (DOE) (CANADA),WATER SURVEY OF CANADA (DOE) (CANADA),,"1963-2000 (Recorder, Continuous)",- reg=1,1
02LB027,BLACK CREEK NEAR BOURGET,ON,45.40472030639648,-75.10221862792969,22.46999931335449,Discontinued,0,WATER SURVEY OF CANADA (DOE) (CANADA),WATER SURVEY OF CANADA (DOE) (CANADA),"1991-1994 (Recorder, Continuous)",,- reg=0,0
02LB028,BEAR BROOK ABOVE BOURGET,ON,45.39889144897461,-75.28333282470703,240.8000030517578,Discontinued,0,WATER SURVEY OF CANADA (DOE) (CANADA),WATER SURVEY OF CANADA (DOE) (CANADA),,"1993-1994 (Manual, Seasonal)",- reg=0,0
02LB029,SOUTH NATION RIVER AT SEQUIN BRIDGE,ON,45.45582962036133,-74.94222259521484,3551.0,Discontinued,0,WATER SURVEY OF CANADA (DOE) (CANADA),WATER SURVEY OF CANADA (DOE) (CANADA),,"1993-1994 (Manual, Seasonal)",- reg=1,2
02LB030,SOUTH NATION RIVER AT PENDLETON BRIDGE,ON,45.4263916015625,-75.0505599975586,3078.0,Discontinued,0,WATER SURVEY OF CANADA (DOE) (CANADA),WATER SURVEY OF CANADA (DOE) (CANADA),,"1993-1995 (Manual, Seasonal)",- reg=1,2
02LB031,SOUTH BRANCH SOUTH NATION RIVER NEAR WINCHESTER SPRINGS,ON,44.99794006347656,-75.362060546875,310.0,Active,1,ONTARIO MINISTRY OF NATURAL RESOURCES,WATER SURVEY OF CANADA (DOE) (CANADA),"1998-2001 (Recorder, Seasonal); 2002-2004 (Recorder, Seasonal); 2005-2010 (Recorder, Continuous)","2002-2004 (Recorder, Seasonal); 2005-2010 (Recorder, Continuous); 2011-2026 (Recorder, Continuous)",1900-2020 reg=0,5
02LB032,RIGAUD RIVER NEAR ST. EUGENE,ON,45.49142074584961,-74.44181060791016,305.6000061035156,Active,1,ONTARIO MINISTRY OF NATURAL RESOURCES,WATER SURVEY OF CANADA (DOE) (CANADA),"2003-2026 (Recorder, Continuous)","2003-2026 (Recorder, Continuous)",1900-2020 reg=0,6
02LB033,BECKETTS CREEK NEAR BECKETTS CREEK,ON,45.52074813842773,-75.35832977294922,53.95000076293945,Discontinued,0,ONTARIO MINISTRY OF NATURAL RESOURCES,WATER SURVEY OF CANADA (DOE) (CANADA),"2007-2010 (Recorder, Continuous)","2007-2010 (Recorder, Continuous); 2011-2019 (Recorder, Continuous)",1900- reg=0,8
02LB035,OUTAOUAIS (RIVIERE DES) A RIGAUD,QC,45.53094100952149,-74.35131072998047,143200.0,Discontinued,0,WATER SURVEY OF CANADA (DOE) (CANADA),WATER SURVEY OF CANADA (DOE) (CANADA),,"2010-2016 (Recorder, Continuous)",1900- reg=1,0
02LB036,BECKETTS CREEK NEAR CUMBERLAND ESTATES,ON,45.50374984741211,-75.34735870361328,51.34999847412109,Active,1,ONTARIO MINISTRY OF NATURAL RESOURCES,WATER SURVEY OF CANADA (DOE) (CANADA),"2018-2026 (Recorder, Continuous)","2018-2026 (Recorder, Continuous)",2017- reg=0,1
02LB101,BEAR BROOK AT CARLSBAD SPRINGS,ON,45.375,-75.47222137451172,62.47999954223633,Discontinued,0,ONTARIO MINISTRY OF THE ENVIRONMENT,ONTARIO MINISTRY OF THE ENVIRONMENT,"1976-1978 (Recorder, Continuous)",,- reg=0,0
02LC001,NORD (RIVIERE DU) A SAINT-CANUT,QC,45.72222137451172,-74.084716796875,1307.0,Discontinued,0,MINISTERE DE L'ENVIRONNEMENT DU QUEBEC,MINISTERE DE L'ENVIRONNEMENT DU QUEBEC,"1920-1930 (Manual, Continuous)",,- reg=1,0
02LC002,ROUGE (RIVIERE) EN AVAL DE LA CHUTE BELL,QC,45.77333068847656,-74.68389129638672,5451.0,Discontinued,0,MINISTERE DE L'ENVIRONNEMENT DU QUEBEC,MINISTERE DE L'ENVIRONNEMENT DU QUEBEC,"1918-1921 (Manual, Seasonal); 1922-1930 (Manual, Continuous); 1931-1942 (Manual, Seasonal); 1943-1959 (Manual, Continuous)",,- reg=1,0
02LC003,OUEST (RIVIERE DE L') AU PONT LEGER,QC,45.67694091796875,-74.40860748291016,167.89999389648438,Discontinued,0,MINISTERE DE L'ENVIRONNEMENT DU QUEBEC,MINISTERE DE L'ENVIRONNEMENT DU QUEBEC,"1921-1923 (Manual, Seasonal); 1924-1950 (Manual, Continuous)",,- reg=1,0
02LC004,ROUGE (RIVIERE) A LABELLE,QC,46.28083038330078,-74.73583221435547,2666.0,Discontinued,0,MINISTERE DE L'ENVIRONNEMENT DU QUEBEC,MINISTERE DE L'ENVIRONNEMENT DU QUEBEC,"1925-1930 (Manual, Continuous)",,- reg=1,0
02LC005,NORD (RIVIERE DU) EN AMONT DE LA RIVIERE DONCASTER,QC,45.9738883972168,-74.11028289794922,432.0,Discontinued,0,MINISTERE DE L'ENVIRONNEMENT DU QUEBEC,MINISTERE DE L'ENVIRONNEMENT DU QUEBEC,"1927-1956 (Manual, Continuous)",,- reg=1,0
02LC006,DONCASTER (RIVIERE),QC,45.9647216796875,-74.100830078125,226.3000030517578,Discontinued,0,MINISTERE DE L'ENVIRONNEMENT DU QUEBEC,MINISTERE DE L'ENVIRONNEMENT DU QUEBEC,"1927-1965 (Manual, Continuous); 1966-1977 (Recorder, Continuous)",,- reg=1,0
02LC007,ROUGE (RIVIERE) PRES DE LA MACAZA,QC,46.35388946533203,-74.7794418334961,2589.0,Discontinued,0,MINISTERE DE L'ENVIRONNEMENT DU QUEBEC,MINISTERE DE L'ENVIRONNEMENT DU QUEBEC,"1930-1965 (Manual, Continuous); 1966-1982 (Recorder, Continuous)",,- reg=1,0
02LC008,"NORD (RIVIERE DU) A 4,8 KM EN AMONT DU PONT DU C.N. A SAINT-JEROME",QC,45.793060302734375,-74.01277923583984,1163.0,Active,1,WATER SURVEY OF CANADA (DOE) (CANADA),MINISTERE DE L'ENVIRONNEMENT DU QUEBEC,"1930-1956 (Manual, Continuous); 1957-1964 (Recorder, Continuous); 1965-1991 (Recorder, Continuous); 1992-2026 (Recorder, Continuous)",,- reg=1,1
02LC009,MASSON (LAC) AU BARRAGE MASSON,QC,46.03055953979492,-74.05638885498047,35.04999923706055,Active,1,MINISTERE DE L'ENVIRONNEMENT DU QUEBEC,MINISTERE DE L'ENVIRONNEMENT DU QUEBEC,"1930-1966 (Manual, Continuous); 1967-1970 (Recorder, Continuous)","1967-1970 (Recorder, Continuous); 1971-2026 (Recorder, Continuous)",- reg=1,1
02LC010,LUDGER (LAC) AU BARRAGE LUDGER,QC,46.11861038208008,-74.2763900756836,40.380001068115234,Active,1,MINISTERE DE L'ENVIRONNEMENT DU QUEBEC,MINISTERE DE L'ENVIRONNEMENT DU QUEBEC,"1930-1962 (Manual, Continuous); 1963-1970 (Recorder, Continuous)","1963-1970 (Recorder, Continuous); 1971-2026 (Recorder, Continuous)",- reg=1,1
02LC011,NORD (RIVIERE DU) AU BARRAGE DE LA MONTAGNE NOIRE  A LANTIER,QC,46.18193817138672,-74.2772216796875,13.8100004196167,Active,1,MINISTERE DE L'ENVIRONNEMENT DU QUEBEC,MINISTERE DE L'ENVIRONNEMENT DU QUEBEC,"1930-1963 (Manual, Continuous); 1964-1970 (Recorder, Continuous)","1964-1970 (Recorder, Continuous); 1971-2026 (Recorder, Continuous)",- reg=1,1
02LC012,CORNU (LAC) AU BARRAGE-CORNU,QC,46.09027862548828,-74.4263916015625,8.770000457763672,Active,1,MINISTERE DE L'ENVIRONNEMENT DU QUEBEC,MINISTERE DE L'ENVIRONNEMENT DU QUEBEC,"1944-1963 (Manual, Continuous); 1964-1970 (Recorder, Continuous)","1964-1970 (Recorder, Continuous); 1971-2026 (Recorder, Continuous)",- reg=1,1
02LC013,MANITOU (LAC) AU BARRAGE MANITOU,QC,46.07500076293945,-74.33721923828125,23.920000076293945,Active,0,MINISTERE DE L'ENVIRONNEMENT DU QUEBEC,MINISTERE DE L'ENVIRONNEMENT DU QUEBEC,"1945-1962 (Manual, Continuous); 1963-1970 (Recorder, Continuous)","1963-1970 (Recorder, Continuous); 1971-2026 (Recorder, Continuous)",- reg=1,1
02LC014,PAPINEAU (LAC) AU BARRAGE PAPINEAU A SAINTE-AGATHE-DES-MONTS,QC,46.122501373291016,-74.2941665649414,28.38999938964844,Active,1,MINISTERE DE L'ENVIRONNEMENT DU QUEBEC,MINISTERE DE L'ENVIRONNEMENT DU QUEBEC,"1944-1962 (Manual, Continuous); 1963-1970 (Recorder, Continuous)","1963-1970 (Recorder, Continuous); 1971-2026 (Recorder, Continuous)",- reg=1,1
02LC015,NORD (RIVIER DU) AU BARRAGE BRULE,QC,46.077781677246094,-74.28193664550781,155.1999969482422,Active,1,MINISTERE DE L'ENVIRONNEMENT DU QUEBEC,MINISTERE DE L'ENVIRONNEMENT DU QUEBEC,"1944-1963 (Manual, Continuous); 1964-1970 (Recorder, Continuous)","1964-1970 (Recorder, Continuous); 1971-2026 (Recorder, Continuous)",- reg=1,1
02LC016,SABLES (LAC DES) AU BARRAGE DES SABLES,QC,46.0525016784668,-74.30917358398438,38.20000076293945,Active,1,MINISTERE DE L'ENVIRONNEMENT DU QUEBEC,MINISTERE DE L'ENVIRONNEMENT DU QUEBEC,"1945-1963 (Manual, Continuous); 1964-1970 (Recorder, Continuous)","1964-1970 (Recorder, Continuous); 1971-2026 (Recorder, Continuous)",- reg=1,1
02LC017,MULETS (RIVIERE AUX) AU BARRAGE THEODORE,QC,45.962501525878906,-74.24722290039062,100.1999969482422,Active,1,MINISTERE DE L'ENVIRONNEMENT DU QUEBEC,MINISTERE DE L'ENVIRONNEMENT DU QUEBEC,"1964-1970 (Manual, Continuous)","1964-1970 (Manual, Continuous); 1971-2026 (Recorder, Continuous)",- reg=1,1
02LC019,NORD (RUISSEAU) SUR LE CHEMIN SAINT-DOMINIQUE,QC,45.73667144775391,-74.0008316040039,20.149999618530277,Discontinued,0,id=None,id=None,,"1971-1971 (Manual, Seasonal); 1972-1986 (Manual, Continuous)",- reg=0,0
02LC020,NORD (RIVIERE DU) A LACHUTE,QC,45.66389083862305,-74.32221984863281,1611.0,Discontinued,0,MINISTERE DE L'ENVIRONNEMENT DU QUEBEC,MINISTERE DE L'ENVIRONNEMENT DU QUEBEC,"1976-1978 (Recorder, Continuous)",,- reg=0,0
02LC021,NORD (RIVIERE DU) PRES DE SAINT-AGATHE,QC,46.04582977294922,-74.25277709960938,309.6000061035156,Active,1,MINISTERE DE L'ENVIRONNEMENT DU QUEBEC,MINISTERE DE L'ENVIRONNEMENT DU QUEBEC,"1970-1990 (Recorder, Continuous); 1991-2026 (Recorder, Continuous)",,- reg=1,1
02LC022,NORD (RIVIERE DU) A SAINT-ANDRE-EST,QC,45.56610870361328,-74.33583068847656,2060.0,Discontinued,0,MINISTERE DE L'ENVIRONNEMENT DU QUEBEC,MINISTERE DE L'ENVIRONNEMENT DU QUEBEC,"1970-1978 (Recorder, Continuous)",,- reg=1,0
02LC023,OUEST (RIVIERE DE L') EN AMONT DU RUISSEAU DES VASES,QC,45.65861129760742,-74.40833282470703,170.6999969482422,Discontinued,0,MINISTERE DE L'ENVIRONNEMENT DU QUEBEC,MINISTERE DE L'ENVIRONNEMENT DU QUEBEC,"1967-1969 (Recorder, Continuous)",,- reg=1,0
02LC024,ROUGE (RIVIERE) A SON EMBOUCHURE,QC,45.56222152709961,-74.32083129882812,142.6999969482422,Discontinued,0,MINISTERE DE L'ENVIRONNEMENT DU QUEBEC,MINISTERE DE L'ENVIRONNEMENT DU QUEBEC,"1971-1976 (Recorder, Continuous); 1979-1981 (Recorder, Seasonal)",,- reg=0,0
02LC025,SIMON (RIVIERE) A SON EMBOUCHURE,QC,45.913330078125,-74.15193939208984,164.10000610351562,Discontinued,0,MINISTERE DE L'ENVIRONNEMENT DU QUEBEC,MINISTERE DE L'ENVIRONNEMENT DU QUEBEC,"1974-1986 (Recorder, Seasonal)",,- reg=0,0
02LC026,BONNIEBROOK (RUISSEAU) AU LAC FIDDLER,QC,45.80110931396485,-74.17111206054688,50.93000030517578,Discontinued,0,WATER SURVEY OF CANADA (DOE) (CANADA),MINISTERE DE L'ENVIRONNEMENT DU QUEBEC,"1974-1987 (Recorder, Seasonal)",,- reg=1,0
02LC027,DONCASTER (RIVIERE) AU LAC ELEVE,QC,46.095829010009766,-74.12194061279297,106.0,Active,1,MINISTERE DE L'ENVIRONNEMENT DU QUEBEC,MINISTERE DE L'ENVIRONNEMENT DU QUEBEC,"1974-1980 (Recorder, Seasonal); 1981-1991 (Recorder, Continuous); 1992-2026 (Recorder, Continuous)",,- reg=0,1
02LC028,ROUGE (RIVIERE) EN AVAL DE LA RIVIERE BEVIN,QC,45.970001220703125,-74.63471984863281,4204.0,Discontinued,0,MINISTERE DE L'ENVIRONNEMENT DU QUEBEC,MINISTERE DE L'ENVIRONNEMENT DU QUEBEC,,"1966-1972 (Recorder, Continuous)",- reg=1,0
02LC029,ROUGE (RIVIERE) EN AMONT DE LA CHUTE MCNEIL,QC,45.73638916015625,-74.6897201538086,5478.0,Active,1,WATER SURVEY OF CANADA (DOE) (CANADA),MINISTERE DE L'ENVIRONNEMENT DU QUEBEC,"1964-1990 (Recorder, Continuous); 1991-2026 (Recorder, Continuous)",,- reg=1,1
02LC031,BEVIN (RIVIERE) A LAKEVIEW,QC,45.87833023071289,-74.56777954101562,198.5,Discontinued,0,MINISTERE DE L'ENVIRONNEMENT DU QUEBEC,MINISTERE DE L'ENVIRONNEMENT DU QUEBEC,,"1966-1967 (Recorder, Continuous)",- reg=1,0
02LC032,BEVI (LAC) AU PONT-ROUTE 327,QC,45.9627799987793,-74.59944152832031,341.1000061035156,Discontinued,0,MINISTERE DE L'ENVIRONNEMENT DU QUEBEC,MINISTERE DE L'ENVIRONNEMENT DU QUEBEC,,"1966-1972 (Recorder, Continuous)",- reg=1,0
02LC033,MCDONALD (LAC) A LAKEVIEW,QC,45.87833023071289,-74.56777954101562,198.5,Discontinued,0,MINISTERE DE L'ENVIRONNEMENT DU QUEBEC,MINISTERE DE L'ENVIRONNEMENT DU QUEBEC,,"1966-1972 (Recorder, Continuous)",- reg=1,0
02LC034,DECHARGE DU LAC DES SEIZE ILES EN AVAL DU BARRAGE,QC,45.8769416809082,-74.47860717773438,39.65999984741211,Discontinued,0,MINISTERE DE L'ENVIRONNEMENT DU QUEBEC,MINISTERE DE L'ENVIRONNEMENT DU QUEBEC,,"1966-1972 (Recorder, Continuous)",- reg=1,0
02LC035,SEIZE ILES (LAC DES),QC,45.87778091430664,-74.47888946533203,39.63999938964844,Discontinued,0,MINISTERE DE L'ENVIRONNEMENT DU QUEBEC,MINISTERE DE L'ENVIRONNEMENT DU QUEBEC,,"1967-1972 (Recorder, Continuous)",- reg=1,0
02LC038,MAROIS (LAC),QC,45.85694122314453,-74.125,8.6899995803833,Discontinued,0,MINISTERE DE L'ENVIRONNEMENT DU QUEBEC,MINISTERE DE L'ENVIRONNEMENT DU QUEBEC,,"1969-1974 (Manual, Continuous); 1975-1982 (Recorder, Continuous)",- reg=1,0
02LC039,SAINT-JOSEPH (LAC),QC,45.970829010009766,-74.33611297607422,59.7599983215332,Discontinued,0,MINISTERE DE L'ENVIRONNEMENT DU QUEBEC,MINISTERE DE L'ENVIRONNEMENT DU QUEBEC,,"1969-1974 (Manual, Continuous)",- reg=0,0
02LC040,ECHO (LAC),QC,45.87916946411133,-74.0250015258789,11.949999809265137,Discontinued,0,MINISTERE DE L'ENVIRONNEMENT DU QUEBEC,MINISTERE DE L'ENVIRONNEMENT DU QUEBEC,,"1971-1979 (Manual, Continuous)",- reg=1,0
02LC042,RAYMOND (LAC),QC,46.00611114501953,-74.15389251708984,395.7999877929688,Discontinued,0,MINISTERE DE L'ENVIRONNEMENT DU QUEBEC,MINISTERE DE L'ENVIRONNEMENT DU QUEBEC,,"1974-1981 (Manual, Miscellaneous)",- reg=0,0
02LC043,"SAINT-LOUIS (RUISSEAU) A 0,3 KM DE LA RIVIERE DU DIABLE",QC,46.37472152709961,-74.50332641601562,40.470001220703125,Active,1,MINISTERE DE L'ENVIRONNEMENT DU QUEBEC,MINISTERE DE L'ENVIRONNEMENT DU QUEBEC,"1968-1990 (Recorder, Continuous); 1991-2026 (Recorder, Continuous)",,- reg=0,1
02LC062,BAPTISTE (LAC),QC,46.25,-74.68389129638672,2.299999952316284,Discontinued,0,MINISTERE DE L'ENVIRONNEMENT DU QUEBEC,MINISTERE DE L'ENVIRONNEMENT DU QUEBEC,,"1971-1982 (Recorder, Continuous)",- reg=0,0
02LC064,SAVANE (LAC DE LA),QC,46.477500915527344,-74.47306060791016,39.380001068115234,Discontinued,0,MINISTERE DE L'ENVIRONNEMENT DU QUEBEC,MINISTERE DE L'ENVIRONNEMENT DU QUEBEC,,"1977-1985 (Recorder, Continuous)",- reg=1,0
02LC066,ESCALIER (LAC),QC,46.41999816894531,-74.49278259277344,292.29998779296875,Discontinued,0,MINISTERE DE L'ENVIRONNEMENT DU QUEBEC,MINISTERE DE L'ENVIRONNEMENT DU QUEBEC,,"1977-1979 (Recorder, Continuous)",- reg=1,0
02LC067,MONROE (LAC),QC,46.31861114501953,-74.51000213623047,435.3999938964844,Discontinued,0,MINISTERE DE L'ENVIRONNEMENT DU QUEBEC,MINISTERE DE L'ENVIRONNEMENT DU QUEBEC,,"1977-1985 (Recorder, Continuous)",- reg=1,0
02LC068,NORD (RIVIERE DU) EN AMONT DE LA RIVIERE DONCASTER,QC,45.973331451416016,-74.11083221435547,432.0,Discontinued,0,MINISTERE DE L'ENVIRONNEMENT DU QUEBEC,MINISTERE DE L'ENVIRONNEMENT DU QUEBEC,"1956-1965 (Manual, Continuous); 1966-1971 (Recorder, Continuous)",,- reg=1,0
02LC069,BECS-SCIE (LAC DES),QC,45.8466682434082,-74.20693969726562,2.549999952316284,Discontinued,0,MINISTERE DE L'ENVIRONNEMENT DU QUEBEC,MINISTERE DE L'ENVIRONNEMENT DU QUEBEC,,"1979-1980 (Manual, Seasonal)",- reg=0,0
02LC070,DECHARGE DU LAC LUDGER (RUISSEAU) EN AVAL DU BARRAGE LUDGER,QC,46.11806106567383,-74.2763900756836,40.400001525878906,Active,1,MINISTERE DE L'ENVIRONNEMENT DU QUEBEC,MINISTERE DE L'ENVIRONNEMENT DU QUEBEC,"1983-1996 (Manual, Continuous); 1997-2026 (Recorder, Continuous)",,- reg=1,1
02LC073,DU DIABLE (RIVIERE) A 0.1KM EN AMONT DE LA ROUTE 117,QC,46.11410140991211,-74.60140228271484,1160.0,Active,1,MINISTERE DE L'ENVIRONNEMENT DU QUEBEC,MINISTERE DE L'ENVIRONNEMENT DU QUEBEC,"2009-2026 (Recorder, Continuous)",,,1
02LD001,PETITE NATION (RIVIERE DE LA) A PORTAGE-DE-LA-NATION,QC,45.67110824584961,-75.03556060791016,1995.0,Discontinued,0,MINISTERE DE L'ENVIRONNEMENT DU QUEBEC,MINISTERE DE L'ENVIRONNEMENT DU QUEBEC,"1925-1972 (Manual, Continuous)",,- reg=0,0
02LD002,PETITE NATION (RIVIERE DE LA) PRES DE COTE-SAINT-PIERRE,QC,45.82749938964844,-75.07167053222656,1279.0,Discontinued,0,MINISTERE DE L'ENVIRONNEMENT DU QUEBEC,MINISTERE DE L'ENVIRONNEMENT DU QUEBEC,"1925-1970 (Manual, Continuous)",,- reg=0,0
02LD004,PETITE NATION (RIVIERE DE LA) A PORTAGE-DE-LA-NATION,QC,45.67139053344727,-75.02056121826172,1989.0,Discontinued,0,MINISTERE DE L'ENVIRONNEMENT DU QUEBEC,MINISTERE DE L'ENVIRONNEMENT DU QUEBEC,"1921-1925 (Manual, Continuous)",,- reg=0,0
02LD005,"PETITE NATION (RIVIERE DE LA) AU PONT A 1,6 KM EN AMONT DE RIPON",QC,45.79167175292969,-75.09139251708984,1326.0,Active,1,WATER SURVEY OF CANADA (DOE) (CANADA),MINISTERE DE L'ENVIRONNEMENT DU QUEBEC,"1968-1990 (Recorder, Continuous); 1991-2026 (Recorder, Continuous)",,- reg=0,1
02LD006,"SUFFOLK (RUISSEAU) A 0,2 KM EN AMONT DU PONT-ROUTE A CHENEVILLE",QC,45.883331298828125,-75.02278137207031,63.310001373291016,Active,1,MINISTERE DE L'ENVIRONNEMENT DU QUEBEC,MINISTERE DE L'ENVIRONNEMENT DU QUEBEC,"1975-1991 (Recorder, Seasonal); 1992-2026 (Recorder, Continuous)",,- reg=0,1
02LD007,SIMON (LAC),QC,45.90583038330078,-75.09249877929688,1051.0,Discontinued,0,MINISTERE DE L'ENVIRONNEMENT DU QUEBEC,MINISTERE DE L'ENVIRONNEMENT DU QUEBEC,,"1974-2006 (Recorder, Continuous)",- reg=0,0
02LD008,BARRIERE (LAC) AU BARRAGE,QC,45.877220153808594,-75.08444213867188,1261.0,Active,0,MINISTERE DE L'ENVIRONNEMENT DU QUEBEC,MINISTERE DE L'ENVIRONNEMENT DU QUEBEC,,"1974-1979 (Recorder, Seasonal); 1980-2006 (Recorder, Continuous); 2020-2026 (Recorder, Continuous)",- reg=1,0
02LD011,SCRYER (LAC),QC,45.84167098999024,-75.21305847167969,72.45999908447266,Discontinued,0,MINISTERE DE L'ENVIRONNEMENT DU QUEBEC,MINISTERE DE L'ENVIRONNEMENT DU QUEBEC,,"1977-1979 (Recorder, Continuous)",- reg=0,0
02LD012,CHAPLEAU (LAC) AU BARRAGE CHAPLEAU A LA MINERVE,QC,46.21080017089844,-74.9468002319336,66.87000274658203,Active,1,MINISTERE DE L'ENVIRONNEMENT DU QUEBEC,MINISTERE DE L'ENVIRONNEMENT DU QUEBEC,,"2009-2026 (Recorder, Continuous)",2010- reg=1,1
02LE001,LIEVRE (RIVIERE DU) A MONT-LAURIER,QC,46.54222106933594,-75.50193786621094,5145.0,Discontinued,0,MINISTERE DE L'ENVIRONNEMENT DU QUEBEC,MINISTERE DE L'ENVIRONNEMENT DU QUEBEC,"1924-1924 (Manual, Seasonal); 1925-1951 (Manual, Continuous); 1952-1964 (Recorder, Continuous); 1965-1980 (Recorder, Continuous)",,- reg=1,0
02LE003,LIEVRE (RIVIERE DU) A FERME ROUGE,QC,46.42694091796875,-75.42778015136719,5219.0,Discontinued,0,MINISTERE DE L'ENVIRONNEMENT DU QUEBEC,MINISTERE DE L'ENVIRONNEMENT DU QUEBEC,,"1941-1966 (Manual, Continuous)",- reg=1,0
02LE006,KIAMIKA (RIVIERE) PRES DE LA RIVIERE DU LIEVRE,QC,46.41056060791016,-75.39250183105469,1320.0,Discontinued,0,MINISTERE DE L'ENVIRONNEMENT DU QUEBEC,MINISTERE DE L'ENVIRONNEMENT DU QUEBEC,"1947-1965 (Manual, Continuous); 1966-1970 (Recorder, Continuous); 1971-1980 (Recorder, Seasonal)","1941-1946 (Manual, Continuous)",- reg=1,0
02LE008,MITCHINAMECUS (RIVIERE) AU BARRAGE MITCHINAMECUS,QC,47.21611022949219,-75.1744384765625,934.2999877929688,Discontinued,0,MINISTERE DE L'ENVIRONNEMENT DU QUEBEC,MINISTERE DE L'ENVIRONNEMENT DU QUEBEC,"1943-1966 (Manual, Continuous); 1967-1991 (Recorder, Continuous)",,- reg=1,0
02LE011,LIEVRE (RIVIERE DU) EN AVAL DE LA RIVIERE KIAMIKA,QC,46.36249923706055,-75.44889068603516,6711.0,Discontinued,0,MINISTERE DE L'ENVIRONNEMENT DU QUEBEC,MINISTERE DE L'ENVIRONNEMENT DU QUEBEC,,"1941-1941 (Manual, Seasonal); 1942-1981 (Manual, Continuous)",- reg=1,0
02LE013,MITCHINAMECUS (RIVIERE) A LA TETE DE LA CHUTE RASCAS,QC,47.18444061279297,-75.14360809326172,1058.0,Active,1,MINISTERE DE L'ENVIRONNEMENT DU QUEBEC,MINISTERE DE L'ENVIRONNEMENT DU QUEBEC,"1977-1991 (Recorder, Continuous); 1992-2026 (Recorder, Continuous)",,- reg=1,1
02LE014,MITCHINAMECUS (RIVIERE) AU RESERVOIR MITCHINAMECUS,QC,47.214168548583984,-75.1772232055664,934.2999877929688,Active,1,MINISTERE DE L'ENVIRONNEMENT DU QUEBEC,MINISTERE DE L'ENVIRONNEMENT DU QUEBEC,"1963-1966 (Recorder, Continuous)","1941-1962 (Manual, Continuous); 1963-1966 (Recorder, Continuous); 1967-2026 (Recorder, Continuous)",- reg=1,1
02LE015,MITCHINAMECUS ET RUISSEAU RASCAS AUX SORTIES DU RESERVOIR MITCHINAMECU,QC,47.214168548583984,-75.1772232055664,934.2999877929688,Discontinued,0,MINISTERE DE L'ENVIRONNEMENT DU QUEBEC,MINISTERE DE L'ENVIRONNEMENT DU QUEBEC,,"1943-1979 (Manual, Continuous)",- reg=1,0
02LE016,RASCAS (RUISSEAU) AU RESERVOIR MITCHINAMECUS,QC,47.20000076293945,-75.13333129882812,932.0,Discontinued,0,MINISTERE DE L'ENVIRONNEMENT DU QUEBEC,MINISTERE DE L'ENVIRONNEMENT DU QUEBEC,,"1943-1979 (Manual, Continuous)",- reg=1,0
02LE017,KIAMIKA (RIVIERE) AU BARRAGE KIAMIKA,QC,46.633331298828125,-75.13333129882812,700.5999755859375,Active,1,MINISTERE DE L'ENVIRONNEMENT DU QUEBEC,MINISTERE DE L'ENVIRONNEMENT DU QUEBEC,"1961-1971 (Recorder, Continuous)","1954-1960 (Manual, Continuous); 1961-1971 (Recorder, Continuous); 1972-2026 (Recorder, Continuous)",- reg=1,1
02LE018,KIAMIKA (RIVIERE) EN AVAL DU BARRAGE KIAMIKA,QC,46.62221908569336,-75.13194274902344,704.4000244140625,Discontinued,0,MINISTERE DE L'ENVIRONNEMENT DU QUEBEC,MINISTERE DE L'ENVIRONNEMENT DU QUEBEC,"1978-1990 (Recorder, Continuous)",,- reg=1,0
02LE019,ECORCES (LAC DES) A MONT-LAURIER,QC,46.50860977172852,-75.3949966430664,1114.0,Active,1,MINISTERE DE L'ENVIRONNEMENT DU QUEBEC,MINISTERE DE L'ENVIRONNEMENT DU QUEBEC,,"1955-1980 (Manual, Continuous); 1981-2026 (Recorder, Continuous)",- reg=1,1
02LE020,ILES (LAC DES),QC,46.4877815246582,-75.54306030273438,144.60000610351562,Discontinued,0,MINISTERE DE L'ENVIRONNEMENT DU QUEBEC,MINISTERE DE L'ENVIRONNEMENT DU QUEBEC,,"1962-1966 (Manual, Continuous)",- reg=1,0
02LE021,LAC DES ILES (RIVIERE DU) AU LAC DES ILES,QC,46.40610885620117,-75.5294418334961,145.1999969482422,Discontinued,0,MINISTERE DE L'ENVIRONNEMENT DU QUEBEC,MINISTERE DE L'ENVIRONNEMENT DU QUEBEC,,"1962-1966 (Manual, Continuous)",- reg=1,0
02LE022,ILES (LAC DES),QC,46.40888977050781,-75.53472137451172,144.5,Discontinued,0,MINISTERE DE L'ENVIRONNEMENT DU QUEBEC,MINISTERE DE L'ENVIRONNEMENT DU QUEBEC,,"1962-1979 (Manual, Continuous); 1980-1997 (Recorder, Continuous)",- reg=1,0
02LE023,ILES (LAC DES) AU PONT,QC,46.40528106689453,-75.53028106689453,145.1999969482422,Discontinued,0,MINISTERE DE L'ENVIRONNEMENT DU QUEBEC,MINISTERE DE L'ENVIRONNEMENT DU QUEBEC,,"1962-1966 (Manual, Continuous)",- reg=1,0
02LE024,"LIEVRE (RIVIERE DU) A 2,2 KM EN AMONT DU PONT-ROUTE 311 A LAC-SAINT-PAUL",QC,46.7841682434082,-75.31388854980469,4564.0,Active,1,WATER SURVEY OF CANADA (DOE) (CANADA),MINISTERE DE L'ENVIRONNEMENT DU QUEBEC,"1978-1990 (Recorder, Continuous); 1991-2026 (Recorder, Continuous)",,- reg=1,1
02LE025,KIAMIKA (RIVIERE) A CHUTE-SAINT-PHILIPPE,QC,46.6511116027832,-75.24221801757812,875.7999877929688,Active,1,MINISTERE DE L'ENVIRONNEMENT DU QUEBEC,MINISTERE DE L'ENVIRONNEMENT DU QUEBEC,"1989-1991 (Recorder, Continuous); 1992-2026 (Recorder, Continuous)",,- reg=1,0
02LE026,LAC DES ECORCES AU BARRAGE RENO,QC,46.507598876953125,-75.38939666748047,1120.0,Active,1,MINISTERE DE L'ENVIRONNEMENT DU QUEBEC,MINISTERE DE L'ENVIRONNEMENT DU QUEBEC,,"2011-2026 (Recorder, Continuous)",,1
02LF001,LIEVRE (RIVIERE DU),QC,45.70832824707031,-75.54472351074219,9336.0,Discontinued,0,MINISTERE DE L'ENVIRONNEMENT DU QUEBEC,MINISTERE DE L'ENVIRONNEMENT DU QUEBEC,"1910-1934 (Manual, Continuous); 1935-1957 (Recorder, Continuous)",,- reg=1,0
02LF002,LIEVRE (RIVIERE DU) AU LAC DU POISSON BLANC,QC,46.10139083862305,-75.64861297607422,7616.0,Active,1,MINISTERE DE L'ENVIRONNEMENT DU QUEBEC,MINISTERE DE L'ENVIRONNEMENT DU QUEBEC,"1963-1980 (Recorder, Continuous)","1930-1962 (Manual, Continuous); 1963-1980 (Recorder, Continuous); 1981-2026 (Recorder, Continuous)",- reg=1,1
02LF003,LIEVRE (RIVIERE DU) AU BARRAGE DE MASSON,QC,45.54389190673828,-75.42500305175781,9495.0,Discontinued,0,MACLAREN-QUEBEC POWER COMPANY,MACLAREN-QUEBEC POWER COMPANY,"1957-1987 (Power Plant, Continuous)",,- reg=1,0
02LF004,LIEVRE (RIVIERE DU),QC,46.0877799987793,-75.62306213378906,7677.0,Discontinued,0,MINISTERE DE L'ENVIRONNEMENT DU QUEBEC,MINISTERE DE L'ENVIRONNEMENT DU QUEBEC,,"1928-1977 (Manual, Continuous)",- reg=1,0
02LF016,LIEVRE (RIVIERE DU) EN AVAL DE LA CENTRALE DE BUCKINGHAM,QC,45.5897216796875,-75.42305755615234,9486.0,Discontinued,0,MACLAREN-QUEBEC POWER COMPANY,MACLAREN-QUEBEC POWER COMPANY,,"1914-1987 (Recorder, Continuous)",- reg=1,0
02LG002,GENS DE TERRE (RIVIERE) AU BARRAGE CABONGA,QC,47.30443954467773,-76.4669418334961,2659.0,Discontinued,0,QUEBEC HYDRO-ELECTRIC COMMISSION,QUEBEC HYDRO-ELECTRIC COMMISSION,"1929-1994 (Manual, Continuous)",,- reg=1,0
02LG003,GENS DE TERRE (RIVIERE) AU RESERVOIR CABONGA,QC,47.31193923950195,-76.46916961669922,2659.0,Discontinued,0,QUEBEC HYDRO-ELECTRIC COMMISSION,QUEBEC HYDRO-ELECTRIC COMMISSION,,"1929-1961 (Manual, Continuous); 1962-1994 (Recorder, Continuous)",- reg=1,1
02LG005,GATINEAU (RIVIERE) AUX RAPIDES CEIZUR,QC,47.08361053466797,-75.75360870361328,6840.0,Active,1,MINISTERE DE L'ENVIRONNEMENT DU QUEBEC,MINISTERE DE L'ENVIRONNEMENT DU QUEBEC,"1974-2026 (Recorder, Continuous)","1972-1973 (Recorder, Continuous)",- reg=0,1
02LG006,GATINEAU (RIVIERE) EN AVAL DU BARRAGE MERCIER,QC,46.71139144897461,-75.98249816894531,15710.0,Discontinued,0,WATER SURVEY OF CANADA (DOE) (CANADA),MINISTERE DE L'ENVIRONNEMENT DU QUEBEC,"1926-1958 (Manual, Continuous); 1959-1965 (Recorder, Continuous); 1966-1993 (Recorder, Continuous)",,- reg=1,0
02LG007,GATINEAU (RIVIERE) AU RESERVOIR BASKATONG,QC,46.71778106689453,-75.98416900634766,15710.0,Discontinued,0,QUEBEC HYDRO-ELECTRIC COMMISSION,QUEBEC HYDRO-ELECTRIC COMMISSION,,"1927-1962 (Manual, Continuous); 1963-2000 (Recorder, Continuous)",- reg=1,0
02LH001,GATINEAU (RIVIERE) A MANIWAKI,QC,46.38277816772461,-75.96611022949219,19890.0,Discontinued,0,MINISTERE DE L'ENVIRONNEMENT DU QUEBEC,MINISTERE DE L'ENVIRONNEMENT DU QUEBEC,"1925-1925 (Manual, Continuous)","1926-1927 (Manual, Seasonal); 1928-1979 (Manual, Continuous); 1980-1998 (Recorder, Continuous)",- reg=1,0
02LH002,DESERT (RIVIERE) EN AMONT DE LA RIVIERE DE L'AIGLE,QC,46.473609924316406,-76.04306030273438,1751.0,Discontinued,0,MINISTERE DE L'ENVIRONNEMENT DU QUEBEC,MINISTERE DE L'ENVIRONNEMENT DU QUEBEC,"1926-1931 (Manual, Continuous); 1959-1965 (Manual, Continuous); 1966-1972 (Recorder, Continuous); 1975-1997 (Recorder, Seasonal)",,- reg=0,0
02LH003,KAZABAZUA (RIVIERE) PRES DE KAZABAZUA,QC,45.94332885742188,-76.05583190917969,256.1000061035156,Discontinued,0,MINISTERE DE L'ENVIRONNEMENT DU QUEBEC,MINISTERE DE L'ENVIRONNEMENT DU QUEBEC,"1926-1930 (Manual, Continuous)",,- reg=0,0
02LH004,PICANOC (RIVIERE) PRES DE WRIGHT,QC,46.07749938964844,-76.06944274902344,1278.0,Discontinued,0,MINISTERE DE L'ENVIRONNEMENT DU QUEBEC,MINISTERE DE L'ENVIRONNEMENT DU QUEBEC,"1926-1931 (Manual, Continuous); 1975-2005 (Recorder, Continuous)",,- reg=0,0
02LH006,GATINEAU (RIVIERE) A ALCOVE,QC,45.64527893066406,-75.91944122314453,23210.0,Discontinued,0,MINISTERE DE L'ENVIRONNEMENT DU QUEBEC,MINISTERE DE L'ENVIRONNEMENT DU QUEBEC,"1924-1926 (Manual, Continuous); 1927-1938 (Manual, Miscellaneous)","1920-1923 (Manual, Continuous)",- reg=1,0
02LH007,GATINEAU (RIVIERE) A BOUCHETTE,QC,46.21139144897461,-75.94027709960938,20500.0,Discontinued,0,MINISTERE DE L'ENVIRONNEMENT DU QUEBEC,MINISTERE DE L'ENVIRONNEMENT DU QUEBEC,,"1929-1982 (Manual, Continuous)",- reg=1,0
02LH008,GATINEAU (RIVIERE) EN AMONT DES RAPIDES TETE DES SIX,QC,46.33694076538086,-75.94693756103516,19960.0,Discontinued,0,MINISTERE DE L'ENVIRONNEMENT DU QUEBEC,MINISTERE DE L'ENVIRONNEMENT DU QUEBEC,"1934-1963 (Manual, Continuous); 1964-1970 (Recorder, Continuous)","1930-1933 (Manual, Continuous)",- reg=1,0
02LH009,GATINEAU (RIVIERE) A LA CENTRALE DE PAUGAN-FALLS,QC,45.80944061279297,-75.93193817138672,22650.0,Discontinued,0,QUEBEC HYDRO-ELECTRIC COMMISSION,QUEBEC HYDRO-ELECTRIC COMMISSION,"1928-1994 (Power Plant, Continuous)",,- reg=1,0
02LH011,LAPECHE (RIVIERE) A SAINT-LOUIS-DE-MASHAM,QC,45.657501220703125,-76.1402816772461,117.5,Discontinued,0,id=None,id=None,"1970-1980 (Recorder, Continuous)",,- reg=1,0
02LH012,MEACH (RUISSEAU) SUR LE CHEMIN DES PINS,QC,45.570831298828125,-75.88749694824219,84.31999969482422,Discontinued,0,id=None,id=None,"1970-1970 (Recorder, Miscellaneous); 1971-1977 (Recorder, Continuous)",,- reg=0,0
02LH013,MEACH (RUISSEAU) EN AVAL DU LAC CARMAN,QC,45.598609924316406,-75.91999816894531,10.609999656677246,Discontinued,0,id=None,id=None,"1970-1970 (Recorder, Miscellaneous); 1971-1977 (Recorder, Continuous)",,- reg=0,0
02LH019,TRENTE ET UN MILLES (LAC DES) A PONT-COMFORT,QC,46.08694076538086,-75.84889221191406,371.0,Discontinued,0,WATER SURVEY OF CANADA (DOE) (CANADA),MINISTERE DE L'ENVIRONNEMENT DU QUEBEC,,"1966-1982 (Manual, Continuous)",- reg=1,0
02LH029,TRENTE ET UN MILLES (LAC DES) AU BARRAGE,QC,46.2761116027832,-75.80388641357422,370.7000122070313,Active,1,MINISTERE DE L'ENVIRONNEMENT DU QUEBEC,MINISTERE DE L'ENVIRONNEMENT DU QUEBEC,,"1981-2026 (Manual, Continuous)",- reg=1,1
02LH030,GATINEAU (RIVIERE) A LA CENTRALE DES RAPIDES FARMERS,QC,45.499168395996094,-75.76416778564453,23820.0,Discontinued,0,QUEBEC HYDRO-ELECTRIC COMMISSION,QUEBEC HYDRO-ELECTRIC COMMISSION,"1927-1994 (Power Plant, Continuous)",,- reg=1,0
02LH032,PICANOC (RIVIERE) SUR LE CHEMIN DU CAYAMAN A GRACEFIELD,QC,46.07794189453125,-76.06941223144531,1278.0,Active,1,MINISTERE DE L'ENVIRONNEMENT DU QUEBEC,MINISTERE DE L'ENVIRONNEMENT DU QUEBEC,"2004-2026 (Recorder, Continuous)",,2014- reg=0,1
02LH033,DESERT (RIVIERE) SUR LE CHEMIN LYTTON EN AMONT DE LA CHUTE ROUGE,QC,46.58990097045898,-76.04139709472656,1648.0,Active,1,MINISTERE DE L'ENVIRONNEMENT DU QUEBEC,MINISTERE DE L'ENVIRONNEMENT DU QUEBEC,"2004-2026 (Recorder, Continuous)",,,1
